{"train_loss": [1.010303095522381, 1.010508726664952], "val_loss": [1.2028732989773605, 1.205387010718837], "test_loss": [1.5881697511582664, 1.5848698626413489]}