{"train_loss": [1.010556313196818, 1.0103009284110296], "val_loss": [1.1977821108066675, 1.2002263123338872], "test_loss": [1.5940089436643052, 1.5917356258991993]}