{"train_loss": [1.0271938682001616, 0.8839991266307022, 0.8497834785708359], "val_loss": [1.0871974664765436, 1.0277792976514712, 1.0121143548875242], "test_loss": [1.3054863067494857, 1.231469354516751, 1.2160359000837482]}