{"train_loss": [0.10437814745165053, 0.07023342097089404], "val_loss": [0.09576576720132972, 0.10493245779564886], "test_loss": [0.08118848135469087, 0.11130925090419072]}