{"train_loss": [1.238228278109547, 1.0548323982595975, 0.9844755514561077], "val_loss": [0.7724122100619859, 0.7118705562365952, 0.6866433296793251], "test_loss": [1.1843032154745312, 1.0851135616621344, 1.055761617317956]}