{"train_loss": [0.19938252831343561, 0.15755555022042245, 0.14041990850819275], "val_loss": [0.19145575597098, 0.19098498436965441, 0.1930211739320504], "test_loss": [0.14838522407961519, 0.1403166667411202, 0.16715259399068982]}