{"train_loss": [0.16273240349255502, 0.14006808336125687, 0.13253233820432797], "val_loss": [0.09229074477365143, 0.09211051209192526, 0.09099117823337254], "test_loss": [0.057021516571311576, 0.06659488335840012, 0.08251255074221837]}