{"train_loss": [0.8618305165852819, 0.8568222293231104, 0.8556908354096647], "val_loss": [1.0407261473907006, 1.0244619296611965, 1.0214725221331056], "test_loss": [1.217258776965979, 1.2149170896894224, 1.2126637675069474]}