{"train_loss": [0.26674415970790055, 0.2525557122919017, 0.24699110252079115, 0.24414810697086417, 0.24241211712643942, 0.24154613038735884, 0.2412288267197323, 0.24092428101232005, 0.24087175992020643, 0.24084775232055095, 0.24059645882626016, 0.24066533984795396, 0.24063716579288896, 0.24061692647146793, 0.2404878932334036, 0.24036836419981167, 0.24041394132245278, 0.24019051471514208, 0.24045393856279518, 0.24032750160040797, 0.24061759105475033, 0.24044200724130807, 0.24049609149500487, 0.2407175450808201, 0.24049084886667504, 0.2404139958797014, 0.2403999635370202, 0.2403858499681235, 0.24029975797764808, 0.24064259881864378], "test_loss": [0.3454950153827667, 0.4682718813419342, 0.37163352966308594, 0.4278373122215271, 0.3448915183544159, 0.3571900725364685, 0.3372354805469513, 0.3742680847644806, 0.353750616312027, 0.3570992946624756, 0.36648938059806824, 0.36672860383987427, 0.35751914978027344, 0.3570188879966736, 0.3522382080554962, 0.35888856649398804, 0.3537856936454773, 0.3520323932170868, 0.3514884412288666, 0.36361461877822876, 0.3614828288555145, 0.36045998334884644, 0.36499127745628357, 0.3499644994735718, 0.35787004232406616, 0.35466641187667847, 0.35365650057792664, 0.3563646078109741, 0.34640932083129883, 0.368424654006958], "val_loss": [0.24141722917556763, 0.23594698309898376, 0.25509604811668396, 0.2368205040693283, 0.23613864183425903, 0.23765809834003448, 0.2363358438014984, 0.2362070530653, 0.23806382715702057, 0.235801562666893, 0.23579584062099457, 0.236387699842453, 0.23705653846263885, 0.23705710470676422, 0.23810988664627075, 0.23632709681987762, 0.23680897057056427, 0.238340824842453, 0.23768210411071777, 0.2348477691411972, 0.23801465332508087, 0.234551340341568, 0.23513652384281158, 0.2373870611190796, 0.235880509018898, 0.23784670233726501, 0.23763158917427063, 0.23796944320201874, 0.23716676235198975, 0.23712794482707977]}