{"train_loss": [1.0368442852715296, 0.88725441614432, 0.850792977027595], "val_loss": [1.092939546382105, 1.0264528180296357, 1.0136666974505864], "test_loss": [1.3147309537272196, 1.2393872071359608, 1.2186770884169114]}