{"train_loss": [0.9459626046009362, 0.9439339712262154, 0.9439257360063493], "val_loss": [0.33266834483334895, 0.32676356168169723, 0.32493770279382406], "test_loss": [2.004584375180696, 1.9602931596730884, 1.944294195426138]}