{"train_loss": [0.17902656780821938, 0.13716110387018748], "val_loss": [0.15059975941072812, 0.15489126656091576], "test_loss": [0.12805728667387456, 0.1333285712157235]}