{"train_loss": [0.9995520005311667, 1.0067698867331705, 1.0004062428068152], "val_loss": [0.8612421734692299, 0.8580897511684731, 0.8656550874448803], "test_loss": [1.0212727936163342, 1.0211720821792132, 1.0211781838985339]}