{"train_loss": [1.273660289867042, 1.0944183098628382, 1.0323853695873721], "val_loss": [0.9617753232995124, 0.8897828696525261, 0.8664522293495805], "test_loss": [1.1804748655182042, 1.089858355587476, 1.0595895839880591]}