{"train_loss": [0.5060433049371907, 0.39236519815287], "test_loss": [0.4346081018447876, 0.46652325987815857], "val_loss": [0.6544685959815979, 0.6593660712242126]}