{"train_loss": [0.02668601056725225, 0.022195025853922263, 0.021024370887864602, 0.019895334324032506, 0.01944319041692378, 0.019092213711701334, 0.018841515343143222, 0.01886829731794184, 0.018637469394461197, 0.018691554309471566, 0.018744646386681673], "test_loss": [0.030664216727018356, 0.031546443700790405, 0.03212282061576843, 0.03171640262007713, 0.03179877623915672, 0.032512154430150986, 0.03234145790338516, 0.03257954120635986, 0.03254406899213791, 0.032599255442619324, 0.03260809928178787], "val_loss": [0.07662058621644974, 0.08035209774971008, 0.08770718425512314, 0.08540056645870209, 0.08937631547451019, 0.09217424690723419, 0.09085109829902649, 0.09197470545768738, 0.09231794625520706, 0.09190188348293304, 0.0920996144413948]}