{"train_loss": [0.9459142532432452, 0.9444270321400836, 0.9423526331083849, 0.9420353166060522, 0.9433801629347727, 0.9419407423119992, 0.9430670303991064, 0.9429497541859746, 0.9428160507231951, 0.943652925430797, 0.9415836774278432, 0.9433725577546284, 0.9419546757126227, 0.9425749342190102, 0.9418914037523791, 0.9432742237113416, 0.9433085222262889, 0.941955124377273], "val_loss": [0.3310413901743136, 0.3240820214544472, 0.3223997383917633, 0.32147480272933054, 0.3218044805291452, 0.3218147082156257, 0.32130462578252744, 0.32072649798110914, 0.321346395501965, 0.321654982276653, 0.320792214258721, 0.3214064005174135, 0.3205157055666572, 0.32176279727565615, 0.3209592101997451, 0.32081706410175875, 0.32007026770397234, 0.32064070670228256], "test_loss": [1.9873124282611043, 1.9325023536619388, 1.9224625716083927, 1.9165804017531245, 1.915213430398389, 1.9139568201805417, 1.91354994711123, 1.9133319941006208, 1.9132012889573449, 1.9131583359680677, 1.9131304958933277, 1.9131215222572024, 1.91311251646594, 1.9131102491366236, 1.9131082461068505, 1.9131073528214504, 1.913106966175531, 1.913106657956776]}