{"train_loss": [1.2657295139381168, 1.0912566620672766, 1.0351865254175503], "val_loss": [0.9529232864510523, 0.8864854280262777, 0.8746777862718661], "test_loss": [1.1690628226489237, 1.0772150910063967, 1.0488053980755478]}