{"train_loss": [0.021867374191060662, 0.021557254415443716, 0.021310962120290187], "val_loss": [0.06915603037923575, 0.06722192876040936, 0.07401301432400942], "test_loss": [0.028437649412080646, 0.028592690406367183, 0.029336209362372755]}