{"train_loss": [0.1055807983520485, 0.07197245492821648], "test_loss": [0.09409134835004807, 0.13978180289268494], "val_loss": [0.10210113227367401, 0.12326385825872421]}