{"train_loss": [0.2016584932571277, 0.16317641496425495, 0.15410663560032845], "val_loss": [0.1769925618642255, 0.17138600623921343, 0.17285896602429843], "test_loss": [0.1400857139378786, 0.1378950472725065, 0.14961111614186512]}