{"train_loss": [0.028734276153366354, 0.022985221859177247, 0.021938164526706234], "val_loss": [0.08781696259975433, 0.08341977465897799, 0.08291859682649375], "test_loss": [0.03308466668240726, 0.030780293373391034, 0.0303953037597239]}