{"train_loss": [1.0068012184929103, 1.0056272053625435, 1.0047242038417608, 1.00481596426107, 1.0058382244314998, 1.0048876118380576, 1.0055112724658102, 1.0055776555091143, 1.0053046320099384, 1.0055446105543524, 1.0045508057810366], "val_loss": [1.2041626102045964, 1.225669170680799, 1.2322384244517277, 1.2323597834298485, 1.2332170887997276, 1.2321153071365858, 1.2310693295378434, 1.2282104351018603, 1.234946923820596, 1.232844245276953, 1.2343571782112122], "test_loss": [1.6707604820594977, 1.6393361824907755, 1.635507119819522, 1.6321449002349062, 1.6315163567074036, 1.630833509721254, 1.6306433969814527, 1.630546866769069, 1.630476005963589, 1.6304622517996712, 1.630447194078251]}