{"train_loss": [0.11143053962816293, 0.06313580064746338, 0.04356093789060041, 0.03799879802063065, 0.0353132613910651, 0.03403369491684165, 0.033286681210889804, 0.0329571323385985, 0.03274572109865587, 0.03266892265652498, 0.03258223927532855, 0.03258167425051799, 0.03257874755470612], "test_loss": [0.17766155302524567, 0.17213141918182373, 0.16341617703437805, 0.16753844916820526, 0.16946358978748322, 0.16772405803203583, 0.16960084438323975, 0.169145867228508, 0.16997556388378143, 0.16965505480766296, 0.1693066507577896, 0.16922254860401154, 0.16926425695419312], "val_loss": [0.14943484961986542, 0.15753109753131866, 0.14871324598789215, 0.14925359189510345, 0.15130643546581268, 0.15186627209186554, 0.15246856212615967, 0.15322792530059814, 0.1532050371170044, 0.1535283476114273, 0.15325337648391724, 0.15337035059928894, 0.15342675149440765]}