{"train_loss": [0.21066396069877288, 0.13825175177086801], "test_loss": [0.4374513626098633, 1.2729718685150146], "val_loss": [0.5564200282096863, 0.9406993985176086]}