{"train_loss": [0.1055807983520485, 0.07202585987391925], "test_loss": [0.09384384006261826, 0.1373589038848877], "val_loss": [0.10447337478399277, 0.12443394958972931]}