{"train_loss": [0.9966370346478776, 0.9972481055731487, 0.9965059207521985], "val_loss": [0.8080757974937398, 0.7937673753307711, 0.7943611164246837], "test_loss": [1.0776931050644125, 1.0777952606960008, 1.077859799868317]}