{"train_loss": [0.1700915521942079, 0.14987770176958293, 0.1456131421145983], "val_loss": [0.0942030354942146, 0.09241114419541861, 0.0954521423891971], "test_loss": [0.06417804914771726, 0.06223568337430295, 0.06908057473207775]}