{"train_loss": [0.028734276153366354, 0.022985221859177247, 0.021938164526706234], "test_loss": [0.03308466821908951, 0.030780291184782982, 0.030395304784178734], "val_loss": [0.08781696856021881, 0.08341977745294571, 0.08291859179735184]}