{"train_loss": [1.0065212910994887, 1.0062317084521055], "val_loss": [1.1966692507266998, 1.210835337638855], "test_loss": [1.6829899718102657, 1.6591148113733845]}