{"train_loss": [0.14420562610030174, 0.09136816606041975, 0.06606834832928143, 0.05843738258408848, 0.054926799712120555], "test_loss": [0.09226624667644501, 0.1386689692735672, 0.13665397465229034, 0.13167764246463776, 0.13770338892936707], "val_loss": [0.12135452032089233, 0.12024956196546555, 0.12119809538125992, 0.12036113440990448, 0.1254577785730362]}