{"train_loss": [0.9562372638629033, 0.7192501664161682], "test_loss": [2.6119651794433594, 3.7881274223327637], "val_loss": [69.57588195800781, 82.17495727539062]}