{"train_loss": [0.6424238993235284, 0.590842670139842, 0.578412015806318, 0.5733926092454901, 0.5709326831770193, 0.5699151408609919, 0.5691504046554965, 0.568934551396295, 0.5688939236221513, 0.5685231344550068, 0.5687975863823715], "test_loss": [0.5987467169761658, 0.6402251720428467, 0.7216405272483826, 0.7326908707618713, 0.7915207147598267, 0.7602493762969971, 0.7562177181243896, 0.7583910226821899, 0.7453432083129883, 0.7793732285499573, 0.768386721611023], "val_loss": [1.129351019859314, 1.3205474615097046, 1.315811038017273, 1.3686778545379639, 1.4070899486541748, 1.4056267738342285, 1.418587565422058, 1.3958137035369873, 1.4179999828338623, 1.426099419593811, 1.4216333627700806]}