{"train_loss": [0.40980610022178066, 0.2781634365136807, 0.2734733544863187, 0.26778892828867984, 0.26933387036506945, 0.26225056327306306, 0.25473577701128447, 0.272232133608598, 0.25919266503590804, 0.26148278094255006, 0.2577915501136046, 0.25701352380789244, 0.25806880455750686], "test_loss": [8.321245193481445, 8.497121810913086, 9.874648094177246, 14.810245513916016, 17.530221939086914, 19.367813110351562, 20.058080673217773, 20.132610321044922, 20.2340087890625, 20.310712814331055, 20.30695343017578, 20.35348892211914, 20.3214111328125], "val_loss": [0.7232040762901306, 0.38477855920791626, 0.2628968358039856, 0.3588971495628357, 0.4212397038936615, 0.5124102830886841, 0.5435291528701782, 0.5407353639602661, 0.5353438854217529, 0.5438297986984253, 0.5483485460281372, 0.5429533123970032, 0.5359679460525513]}