{"train_loss": [0.8198544777356661, 0.47542062631020177, 0.3984498555843647], "test_loss": [1.1138889789581299, 1.2243103981018066, 1.2537388801574707], "val_loss": [75.77843475341797, 73.8915023803711, 73.3971939086914]}