{"train_loss": [0.24615650431951508, 0.22802313161082566, 0.22010302712442353, 0.21529081353219226, 0.21125709568150342, 0.20951378374593332, 0.20844576001400128, 0.20782691618660465, 0.20771402912214398, 0.20741531811654568, 0.2074926808127202, 0.2073247653315775], "val_loss": [0.23434519297198245, 0.21625159974945218, 0.21903826590431363, 0.22680264750593587, 0.22628184251095118, 0.22855047744355703, 0.23409947772559367, 0.23033697942369863, 0.23133836059193863, 0.23167368730432109, 0.23109455563520132, 0.23148312380439356], "test_loss": [0.20963955116703323, 0.19127916672119968, 0.182100407289047, 0.19757089984456175, 0.19573818313840188, 0.19599499470113138, 0.19747843936477838, 0.19621351366176418, 0.1980446799609222, 0.1973412459422099, 0.19796755851099365, 0.19781376029315748]}