{"train_loss": [1.0322164253276938, 1.033089270486551, 1.0328983182416243], "val_loss": [3.115317463874817, 3.1111399054527284, 3.0995357751846315], "test_loss": [4.006034536659717, 4.003742836415768, 4.008597861230373]}