{"train_loss": [0.16062824189430103, 0.13103875948581845, 0.11593149515101686], "test_loss": [0.06648498773574829, 0.06660983711481094, 0.08985459059476852], "val_loss": [0.10537005960941315, 0.1042599081993103, 0.1165304183959961]}