{"train_loss": [0.5074723409781666, 0.4154438167123175, 0.36230964711877034], "val_loss": [0.8224372005945927, 0.6988501512521023, 0.7247690042933902], "test_loss": [0.6003541482260099, 0.5108816800890742, 0.5310573609092751]}