{"train_loss": [0.8923364281654358, 0.9074082119124276, 0.9144411087036133], "val_loss": [1.9707316160202026, 1.9587572813034058, 1.8612676858901978], "test_loss": [12.6370267868042, 12.617355346679688, 12.607098579406738]}