{"train_loss": [1.2363955656547008, 1.051137019909734, 0.9808264127257856], "val_loss": [0.8991329810952627, 0.8290627771808255, 0.7964760545761355], "test_loss": [1.2140001359806265, 1.1136390618499248, 1.0778768452144758]}