{"train_loss": [0.21066396069877288, 0.13825175177086801], "val_loss": [0.5564200446009636, 0.9406994551420211], "test_loss": [0.4374513547867537, 1.272971874754876]}