{"train_loss": [0.18343302821192672, 0.13458991083590424, 0.12408768733525101, 0.12182730871855336, 0.11920505800448797, 0.11878170448300593, 0.11831849764155991, 0.11882317627725356, 0.11881277181536835, 0.11870937879361651, 0.11775370996774119], "test_loss": [1.3356338739395142, 2.7163307666778564, 2.833081007003784, 3.344252824783325, 2.84818434715271, 3.3063721656799316, 3.2733993530273438, 3.0730926990509033, 3.750138759613037, 3.6240639686584473, 3.1208367347717285], "val_loss": [0.9614329934120178, 1.523231863975525, 1.5664414167404175, 1.7749782800674438, 1.6431785821914673, 1.884979248046875, 1.8114687204360962, 1.784743309020996, 2.0050415992736816, 1.9772920608520508, 1.7826982736587524]}