{"train_loss": [0.27069013132935477, 0.2539835925045468, 0.24845975350765956], "val_loss": [0.24015670563235428, 0.23151453932126362, 0.23202390977830598], "test_loss": [0.4313395277343013, 0.3824465187548688, 0.31761713198414354]}