{"train_loss": [0.1216050418927556, 0.08161227660519736], "val_loss": [0.1625416390372045, 0.1860149986816175], "test_loss": [0.12396745417041309, 0.16444952823786121]}