{"train_loss": [0.21907650656066835, 0.1877322301734239, 0.18503393861465156], "test_loss": [0.20213383436203003, 0.10475841164588928, 0.13542141020298004], "val_loss": [0.12173885852098465, 0.1213567852973938, 0.12601274251937866]}