{"train_loss": [0.1055807983520485, 0.07197245492821648], "val_loss": [0.1021011181401484, 0.12326386372248331], "test_loss": [0.09409135235191295, 0.13978180091150783]}