{"train_loss": [0.11459911912679673, 0.09621536061877296, 0.08381307504716373], "val_loss": [0.0911332808209188, 0.09096750522201712, 0.09760225464900335], "test_loss": [0.07114507763674766, 0.10153225629562229, 0.10241924979526437]}