{"train_loss": [0.9947742706031671, 0.9978981183043548, 0.9952474807256034], "val_loss": [1.1854253620714754, 1.17408678499428, 1.175703399487444], "test_loss": [1.2520545274019241, 1.2514553537239899, 1.252010148119282]}