{"train_loss": [0.14420562610030174, 0.09136816606041975, 0.06606834832928143, 0.05843738258408848, 0.054926799712120555, 0.05356823369220365, 0.05262610192585271, 0.05229706849786453, 0.05212486725940835, 0.051939619283075444, 0.05187841811857652, 0.05180705316888634], "test_loss": [0.09226624667644501, 0.1386689692735672, 0.13665397465229034, 0.13167764246463776, 0.13770338892936707, 0.13935518264770508, 0.13693305850028992, 0.13840898871421814, 0.13837698101997375, 0.13857917487621307, 0.13849268853664398, 0.13850730657577515], "val_loss": [0.12135452032089233, 0.12024956196546555, 0.12119809538125992, 0.12036113440990448, 0.1254577785730362, 0.12366276979446411, 0.12257019430398941, 0.12344346940517426, 0.12334470450878143, 0.12391003966331482, 0.12334907799959183, 0.12351998686790466]}