{"train_loss": [0.15846328996121883, 0.09172351099550724, 0.08130352292209864], "test_loss": [0.3996686041355133, 0.35574793815612793, 0.33863604068756104], "val_loss": [0.5420386791229248, 0.4745100438594818, 0.45719170570373535]}