{"train_loss": [0.3119237660430372, 0.27410700754262507, 0.2718788905767724], "test_loss": [0.24493995308876038, 0.22976526618003845, 0.24650393426418304], "val_loss": [0.28647783398628235, 0.2525518834590912, 0.2614336907863617]}