{"train_loss": [0.7768362313508987, 0.35695873387157917, 0.2375684417784214], "test_loss": [26.45438003540039, 15.191143989562988, 5.041344165802002], "val_loss": [12.301997184753418, 8.313572883605957, 4.848117828369141]}