{"train_loss": [1.2363955656547008, 1.051137019909734, 0.9808264127257856], "test_loss": [1.2140002250671387, 1.1136391162872314, 1.0778769254684448], "val_loss": [0.8991329073905945, 0.8290627598762512, 0.7964761257171631]}