{"train_loss": [1.2411041216589116, 1.0524893536795155, 0.980303846062704], "val_loss": [0.9043414480583643, 0.8195173243681589, 0.7970124284426371], "test_loss": [1.2183657471411011, 1.105341176792819, 1.0739418048692007]}