{"train_loss": [0.12571384963535126, 0.09884606460730234], "val_loss": [0.14633758171941294, 0.16218885978062947], "test_loss": [0.1175369533343297, 0.13755665461560992]}