{"train_loss": [0.30279020220041275, 0.2741203053155914, 0.26924673723988235, 0.2670024537364952, 0.2659706615959294, 0.26539636234520003, 0.2652378603233956, 0.2647753627388738, 0.26444710709620267, 0.26430991938104853, 0.2645362284965813, 0.2639654311351478, 0.26462481333874166], "test_loss": [0.3269050717353821, 0.3288627564907074, 0.34312430024147034, 0.2845068871974945, 0.28776171803474426, 0.2720390260219574, 0.2854493260383606, 0.30034416913986206, 0.294879674911499, 0.2910155653953552, 0.2884185016155243, 0.28959178924560547, 0.2884485423564911], "val_loss": [0.24529564380645752, 0.2471887469291687, 0.23430925607681274, 0.24504604935646057, 0.2368071973323822, 0.2345072627067566, 0.23722119629383087, 0.23924684524536133, 0.238780215382576, 0.2355683147907257, 0.23753762245178223, 0.2393292635679245, 0.2373061329126358]}