{"train_loss": [0.12571384963535126, 0.09776210038434892], "test_loss": [0.11934792995452881, 0.14152969419956207], "val_loss": [0.1492341309785843, 0.17846842110157013]}