{"train_loss": [1.1922956024800089, 1.0301897563698434, 0.9623814343142425], "val_loss": [0.881704754406406, 0.8030572623334905, 0.7852645516395569], "test_loss": [1.1865566187007452, 1.0840685589299086, 1.0584422979824326]}