{"train_loss": [1.276021299608085, 1.096046747113557, 1.0357619160493927], "val_loss": [0.959776517463057, 0.897377121938418, 0.8722157151731726], "test_loss": [1.1777581054053894, 1.0817554923769546, 1.056088925632712]}