{"train_loss": [1.273660289867042, 1.0944183098628382, 1.0323853695873721], "test_loss": [1.1804747581481934, 1.0898584127426147, 1.0595896244049072], "val_loss": [0.9617752432823181, 0.8897828459739685, 0.8664522171020508]}