{"train_loss": [0.32750546506472994, 0.2963038278477533, 0.2892999159438269], "val_loss": [0.2625546157360077, 0.2513251304626465, 0.26846495270729065], "test_loss": [1.6323375701904297, 1.5916796922683716, 1.5633444786071777]}