{"train_loss": [0.9871849802577443, 0.9805729993255684, 0.981481321456721], "val_loss": [0.8446405252365217, 0.8299806660985294, 0.8325712770631869], "test_loss": [1.010713515216357, 1.0108633151609603, 1.0097331751699317]}