{"train_loss": [0.27069013132935477, 0.25320337908608576, 0.249407989581426], "test_loss": [0.42007187008857727, 0.43664470314979553, 0.3629777133464813], "val_loss": [0.2408808022737503, 0.234495148062706, 0.23016448318958282]}