{"train_loss": [0.7029693061700657, 0.6193682493278815], "test_loss": [0.5405791997909546, 0.6030967831611633], "val_loss": [0.8987975120544434, 0.9940760731697083]}