{"train_loss": [0.9578343510838364, 0.9545510671374655, 0.9539431502035566], "val_loss": [0.7691860698884533, 0.7674400200766902, 0.7667734449909579], "test_loss": [1.0435604171086383, 1.0421209356557297, 1.0415405387719792]}