{"train_loss": [0.9580865652948723, 0.9544925720236748, 0.9540592060282879], "val_loss": [0.6545126636823019, 0.6527801005430119, 0.6518308094111822], "test_loss": [1.0113039836688067, 1.0102833312365316, 1.0107029173523188]}