{"train_loss": [0.454400593916159, 0.3437736168581778, 0.29585996908355133, 0.27791929591388603, 0.269477040090486, 0.26542355410403606, 0.2633932556937502, 0.2624139034779284, 0.26188985223233385, 0.261620630456515, 0.2614764055656513], "test_loss": [0.4803992807865143, 0.5033315420150757, 0.5426710844039917, 0.5500881671905518, 0.561515212059021, 0.5652655959129333, 0.5664234161376953, 0.5661264061927795, 0.56693035364151, 0.5672537088394165, 0.5678179860115051], "val_loss": [0.7004348039627075, 0.7106671333312988, 0.7210902571678162, 0.7329617142677307, 0.740084707736969, 0.7439699172973633, 0.7461093664169312, 0.7452884912490845, 0.7451758980751038, 0.7463685274124146, 0.7460242509841919]}