{"train_loss": [0.16062824189430103, 0.13103875948581845, 0.11593149515101686], "val_loss": [0.1053700570605303, 0.10425991506168716, 0.11653043290502146], "test_loss": [0.06648499195120837, 0.06660983735989583, 0.08985459182019297]}