{"train_loss": [1.0030580808543486, 1.002759511289664], "val_loss": [0.6810823845606978, 0.6882047150083768], "test_loss": [1.0524406883344855, 1.052563334985446]}