{"train_loss": [0.3119237660430372, 0.27578807855024934, 0.27169598545879126], "test_loss": [0.24364852905273438, 0.2575538456439972, 0.28700554370880127], "val_loss": [0.27927786111831665, 0.24256816506385803, 0.23952510952949524]}