{"train_loss": [1.0226751709622997, 0.8812220277530807, 0.8467012883297035], "val_loss": [1.0832417989904817, 1.0265797473288871, 1.0191121999476407], "test_loss": [1.2984771096223109, 1.2298037820571177, 1.225390238939105]}