{"train_loss": [0.27069013132935477, 0.2539835925045468, 0.24845975350765956], "test_loss": [0.4313395321369171, 0.3824465274810791, 0.31761711835861206], "val_loss": [0.24015669524669647, 0.2315145581960678, 0.2320239245891571]}