{"train_loss": [0.18533886820659973, 0.12703302706358954, 0.09234923850453924, 0.0818486241332721, 0.07782150722050574, 0.07609009985753801, 0.07521957483550068, 0.07479498264729045, 0.07455056234903168, 0.07426457875408232, 0.07425730671093334], "test_loss": [0.15020646154880524, 0.21679766476154327, 0.26201894879341125, 0.2678960859775543, 0.25825807452201843, 0.2593468725681305, 0.2627059817314148, 0.2617354989051819, 0.2644992172718048, 0.26324015855789185, 0.26353657245635986], "val_loss": [0.18945875763893127, 0.2675011456012726, 0.310473769903183, 0.324726939201355, 0.3378141522407532, 0.3343208432197571, 0.33900323510169983, 0.3419387936592102, 0.34078338742256165, 0.3414238393306732, 0.3418315649032593]}