{"train_loss": [0.21907650656066835, 0.18875578639563173], "test_loss": [0.1849859058856964, 0.21909542381763458], "val_loss": [0.11946828663349152, 0.1250792145729065]}