{"train_loss": [0.21907650656066835, 0.1877322301734239, 0.18503393861465156], "val_loss": [0.12173887557889286, 0.12135677980749231, 0.12601274957782344], "test_loss": [0.20213381857856325, 0.10475842034640281, 0.13542141331555813]}