{"train_loss": [0.9461854780092835, 0.9445392405614257, 0.9439535457640886], "val_loss": [0.334232307578388, 0.3284288127171366, 0.32701987694752843], "test_loss": [2.0154202690249994, 1.9714257795559733, 1.9554539903214103]}