{"train_loss": [1.0337811533142538, 1.0330579491222607, 1.0319451146266039], "val_loss": [3.1091648936271667, 3.093504536151886, 3.1214765667915345], "test_loss": [4.0078488200902935, 4.009423764050007, 4.011626419425011]}