{"train_loss": [0.21897914912551641, 0.189045010949485, 0.18386316276155412, 0.1826053237018641, 0.18024168119882233, 0.18022226440371014, 0.17937962067662738, 0.17946235014824197, 0.17918572982307523, 0.17907662896323018, 0.17865369564970024, 0.17910520287114196, 0.1793585142295342, 0.17866199518903159, 0.17889467513305135, 0.17932100367033854, 0.1783484235929791, 0.1789452983357478], "test_loss": [0.08697288483381271, 0.09948538988828659, 0.131913959980011, 0.10113359987735748, 0.09574969857931137, 0.09283202886581421, 0.09649711102247238, 0.11835779249668121, 0.11077880859375, 0.11720312386751175, 0.11766716837882996, 0.10938626527786255, 0.10512321442365646, 0.10762200504541397, 0.11318527162075043, 0.11361370235681534, 0.11480692028999329, 0.11418130248785019], "val_loss": [0.13569533824920654, 0.12751008570194244, 0.13552826642990112, 0.12880182266235352, 0.1281484216451645, 0.12834885716438293, 0.13225750625133514, 0.12627044320106506, 0.12924963235855103, 0.12829051911830902, 0.12921513617038727, 0.12961776554584503, 0.1304711103439331, 0.12852822244167328, 0.12934958934783936, 0.1293528825044632, 0.1309424638748169, 0.12798766791820526]}