{"train_loss": [0.988515868414016, 0.9880666816802252, 0.9881200749533517], "val_loss": [0.3272917942567305, 0.3269690892010024, 0.327175046729319], "test_loss": [1.9238247522802063, 1.9194157781022967, 1.9183475062702642]}