{"train_loss": [0.09195000272453342, 0.045125069479492595, 0.030836313553544367, 0.02656361088511152, 0.024898472155216587, 0.02398381330476955, 0.023571872011493435, 0.023308266154521425, 0.023199899058317593, 0.02314578274709769, 0.0231120641618882], "test_loss": [0.1378801465034485, 0.150971457362175, 0.1840747743844986, 0.1881036013364792, 0.18420222401618958, 0.18784108757972717, 0.186067134141922, 0.18714331090450287, 0.1870850771665573, 0.18711209297180176, 0.1880994290113449], "val_loss": [0.14318132400512695, 0.14972738921642303, 0.17656199634075165, 0.17840884625911713, 0.17722567915916443, 0.1792786568403244, 0.18129503726959229, 0.18219095468521118, 0.18211020529270172, 0.1829451024532318, 0.18330034613609314]}