{"train_loss": [0.12001855391831626, 0.10218481330644516], "val_loss": [0.07910768963170774, 0.09285187481930762], "test_loss": [0.05874260380920587, 0.10532076334806555]}