{"train_loss": [1.0106845932915096, 1.0106227850914002, 1.0104972528275988], "val_loss": [1.204295984542731, 1.2035363349047574, 1.2021759650923989], "test_loss": [1.5850380491126668, 1.586680523509329, 1.587755073697278]}