{"train_loss": [0.16062824189430103, 0.13118462433340028], "test_loss": [0.06872862577438354, 0.08046229183673859], "val_loss": [0.105270154774189, 0.10755860805511475]}