{"train_loss": [1.228289115976529, 1.0449070349177707, 0.9743878808754493], "val_loss": [0.7638822473505492, 0.7031998583065566, 0.6809175812428997], "test_loss": [1.1765251616717025, 1.079489007131547, 1.0477512528899537]}