{"train_loss": [0.6044297493421115, 0.3169457155924577, 0.24815071316865775, 0.22374042983238512, 0.21049865163289583, 0.20860258088662073, 0.2057865055707785, 0.20382761152891013, 0.2038072531039898, 0.2057674492780979, 0.20170982067401594, 0.20217997064957252, 0.20374756478346312, 0.20438690942067367, 0.20302333396214706, 0.2044714356844242, 0.20165100005956796, 0.20515298728759473, 0.20484347756092364, 0.2027965898697193, 0.20354691262428576, 0.2014358972127621, 0.20336479177841774, 0.20432362877405608, 0.20414827305537003, 0.20366113690229562], "test_loss": [1.0581622123718262, 0.8864228129386902, 0.7596756219863892, 0.7359092831611633, 0.7151153087615967, 0.7071218490600586, 0.7036051750183105, 0.702860414981842, 0.7019041776657104, 0.7013958692550659, 0.7010804414749146, 0.7009226083755493, 0.7008222341537476, 0.7007725238800049, 0.7007460594177246, 0.700732946395874, 0.700729489326477, 0.7007277011871338, 0.7007272243499756, 0.7007268667221069, 0.7007268667221069, 0.7007267475128174, 0.7007268071174622, 0.7007267475128174, 0.7007268071174622, 0.7007267475128174], "val_loss": [0.32041794061660767, 0.20905859768390656, 0.1887570023536682, 0.17896497249603271, 0.17520387470722198, 0.17183105647563934, 0.1700451523065567, 0.1721159815788269, 0.17118708789348602, 0.17298255860805511, 0.1721615493297577, 0.17066092789173126, 0.17213007807731628, 0.17068134248256683, 0.1696021854877472, 0.1679995357990265, 0.16847777366638184, 0.16956910490989685, 0.17019014060497284, 0.16980689764022827, 0.17121601104736328, 0.16924969851970673, 0.16929811239242554, 0.17229938507080078, 0.1713055521249771, 0.16976462304592133]}