{"train_loss": [1.006066630128771, 1.005639045033604], "val_loss": [1.1997060336564715, 1.213492591130106], "test_loss": [1.6778353809526092, 1.6532361217235263]}