{"train_loss": [0.16242309421068057, 0.1324278480024077], "val_loss": [0.09676218209298033, 0.11518003419041634], "test_loss": [0.06182710694051102, 0.08895359693193122]}