{"train_loss": [0.2607167464448139, 0.2323255450464785], "val_loss": [0.2197417310978237, 0.2278933897614479], "test_loss": [0.18624997442882313, 0.19713333111844564]}