{"train_loss": [0.191344752368986, 0.18027549595009362, 0.1777512150206076, 0.17618882058491375, 0.17578817269526473, 0.17520087663895964, 0.1750836416540205, 0.17499858713739833, 0.1748368564344496, 0.17486554140368607, 0.17480176671644715], "test_loss": [0.08749008923768997, 0.08590284734964371, 0.12987874448299408, 0.11410875618457794, 0.17275629937648773, 0.10177825391292572, 0.12515735626220703, 0.1374632865190506, 0.1356986165046692, 0.13358527421951294, 0.12952028214931488], "val_loss": [0.10312481224536896, 0.10502728074789047, 0.10368344932794571, 0.10408233106136322, 0.10498273372650146, 0.10501313954591751, 0.1038479134440422, 0.10444453358650208, 0.1046057865023613, 0.10451855510473251, 0.10426422953605652]}