{"train_loss": [0.19938252831343561, 0.15810258488636464], "test_loss": [0.14598897099494934, 0.1399478167295456], "val_loss": [0.19230851531028748, 0.19308577477931976]}