{"train_loss": [0.16065942781278864, 0.14434348695795052, 0.13584599664318375, 0.12996528611984104, 0.12618704486521892, 0.1236101065587718, 0.12216497294139117, 0.1216806924494449, 0.1212517939566169, 0.12104524846654385, 0.12087907420936972, 0.12079322495264933], "val_loss": [0.1027586798330671, 0.09480097370320245, 0.09772429360370886, 0.10348155741628848, 0.10089935391749207, 0.10235389125974555, 0.09933503942662164, 0.10123066790401936, 0.10182916451441615, 0.1015794575214386, 0.10155886823409482, 0.10162715535414846], "test_loss": [0.0687562286192061, 0.06919825755942025, 0.07275859378645883, 0.07461684339336659, 0.07865351566579193, 0.07913019592677684, 0.08017272621050085, 0.08189635902128525, 0.08296511879828024, 0.08217313885076069, 0.08246225798747649, 0.08211791050301767]}