{"train_loss": [0.1700915521942079], "val_loss": [0.0942030354942146], "test_loss": [0.06417804914771726]}