{"train_loss": [0.19258647986820765, 0.17925708990721476], "test_loss": [0.23482786118984222, 0.1405089795589447], "val_loss": [0.1054801270365715, 0.1055246964097023]}