{"train_loss": [0.9950941165776125, 0.9949484579930348], "val_loss": [1.1758464411706537, 1.1784335886304442], "test_loss": [1.2526373583320025, 1.2520663275106534]}