{"train_loss": [0.03044606583631214, 0.023032266783582812, 0.02194089375381522], "val_loss": [0.08077404908835888, 0.07873822301626206, 0.08137312792241573], "test_loss": [0.032223780266940595, 0.031021891068667172, 0.03088504374027252]}