{"train_loss": [0.9878540856497628, 0.9878870859600248, 0.9875832257952009], "val_loss": [0.3278193464784911, 0.326529334711306, 0.3263087758512208], "test_loss": [1.9266633380543101, 1.9170962490818717, 1.9154900214888833]}