{"train_loss": [1.0337730698725756, 1.0324352953363867], "val_loss": [3.080640423297882, 3.098244607448578], "test_loss": [3.9957682117819786, 4.005479124188423]}