{"train_loss": [0.5114202355616726, 0.18493584214593284, 0.1847453350201249, 0.18454222450964153, 0.1846546872984618, 0.18460997441434301, 0.1846138283435721], "test_loss": [0.08844728022813797, 0.08670469373464584, 0.08907829225063324, 0.08577505499124527, 0.08653373271226883, 0.08682119846343994, 0.08672777563333511], "val_loss": [0.12033487856388092, 0.11935141682624817, 0.11969953030347824, 0.11896372586488724, 0.11907002329826355, 0.11913920193910599, 0.11904874444007874]}