{"train_loss": [0.5060433049371907, 0.39236519815287], "val_loss": [0.6544685653738074, 0.6593660482683698], "test_loss": [0.4346080905682332, 0.4665232777998254]}