{"train_loss": [0.13101093740690323, 0.11388525610878354], "val_loss": [0.13133862135988295, 0.1383895709659114], "test_loss": [0.10815458513909217, 0.12650742206835386]}