{"train_loss": [0.9459626046009362], "val_loss": [0.33266834483334895], "test_loss": [2.004584375180696]}