{"train_loss": [0.12571384963535126, 0.09884606460730234], "test_loss": [0.11753694713115692, 0.13755667209625244], "val_loss": [0.1463375836610794, 0.16218885779380798]}