{"train_loss": [1.003299413637222, 1.0039115343835245, 1.0036663577329143], "val_loss": [0.685579159567433, 0.6789459457961462, 0.6809589196276921], "test_loss": [1.0522474561647703, 1.0522783550844397, 1.052321572297363]}