{"train_loss": [0.19938252831343561, 0.15755555022042245, 0.14041990850819275], "test_loss": [0.14838522672653198, 0.1403166651725769, 0.16715259850025177], "val_loss": [0.19145576655864716, 0.19098499417304993, 0.19302116334438324]}