{"train_loss": [0.9882067809786116, 0.9877295917556399, 0.9878007578849792], "val_loss": [0.32819871216109303, 0.3276054027405652, 0.32706642638553274], "test_loss": [1.9294005513191224, 1.9256564190893461, 1.9205983272104552]}