{"train_loss": [0.20143233588896692, 0.1615000578458421], "val_loss": [0.18069079479104594, 0.18271545908953013], "test_loss": [0.149206433935385, 0.15036786249593684]}