{"train_loss": [0.19258647986820765, 0.17900240453935806, 0.17723792890707651], "test_loss": [0.22393909096717834, 0.14313170313835144, 0.24414072930812836], "val_loss": [0.10477930307388306, 0.10476452112197876, 0.10416055470705032]}