{"train_loss": [0.9964068187631061, 0.9958552723427965], "val_loss": [0.7953598460843486, 0.8066882000815484], "test_loss": [1.0780668420496808, 1.0781625198420657]}