{"train_loss": [0.9463207577355206, 0.9438163633458316, 0.9426889657042921], "val_loss": [0.33280294192464727, 0.3273435466383633, 0.32541879619422714], "test_loss": [2.0062502497120906, 1.961787269303673, 1.9451889050634283]}