{"train_loss": [0.5705359433182131, 0.5164164266621292], "val_loss": [0.5598722074080158, 0.5699423088415249], "test_loss": [0.302147289335325, 0.33471857987948367]}