{"train_loss": [0.6825825145909371, 0.5094848373276133, 0.440243008439146], "val_loss": [0.7746485294522466, 0.7732587488921913, 0.7733020359599913], "test_loss": [0.9454831770948462, 1.0717299634943138, 1.095943645246931]}