{"train_loss": [0.029888097005074516, 0.023385850041556883, 0.022308806162875366], "val_loss": [0.07963234242051839, 0.07915253546088934, 0.08030257448554039], "test_loss": [0.033488528616726396, 0.0315712402574718, 0.030310277035459875]}