{"train_loss": [1.238228278109547, 1.0548323982595975, 0.9844755514561077], "test_loss": [1.1843031644821167, 1.085113525390625, 1.0557615756988525], "val_loss": [0.7724123001098633, 0.7118704915046692, 0.6866433620452881]}