{"train_loss": [0.9985542206486244, 0.9989655501639362, 0.9980752395942072], "val_loss": [0.8622108036524629, 0.8615700382075898, 0.861548565838435], "test_loss": [1.020926101975245, 1.0210398790771014, 1.0210464923349145]}