{"train_loss": [1.0066935713402927, 1.0058236778713763], "val_loss": [1.1993530816153477, 1.2168193835961192], "test_loss": [1.6772312692513591, 1.6529171917783587]}