{"train_loss": [0.6861756035991685, 0.5247497782892151, 0.4637419422717464], "val_loss": [0.7689124869333731, 0.7429823468665819, 0.756295699928258], "test_loss": [1.071743038457793, 0.9950311626936938, 1.0136471386696841]}