{"train_loss": [0.7029693061700657, 0.6193682493278815], "val_loss": [0.8987975507169157, 0.9940760856544649], "test_loss": [0.5405792208338106, 0.6030967554731949]}