{"train_loss": [0.19258647986820765, 0.17925708990721476], "val_loss": [0.10548013286157087, 0.10552469618392712], "test_loss": [0.23482786708821854, 0.1405089934017848]}