{"train_loss": [1.0368442852715296, 0.88725441614432, 0.850792977027595], "test_loss": [1.3147308826446533, 1.2393871545791626, 1.218677043914795], "val_loss": [1.0929396152496338, 1.026452898979187, 1.0136667490005493]}