{"train_loss": [0.5114202355616726, 0.18493584214593284, 0.1847453350201249, 0.18454222450964153, 0.1846546872984618, 0.18460997441434301, 0.1846138283435721, 0.1846042890974786, 0.18458518048282713, 0.1844479699502699, 0.1844377577654086, 0.18449503713054582, 0.18459538673050702, 0.18468992380076088], "test_loss": [0.08844728022813797, 0.08670469373464584, 0.08907829225063324, 0.08577505499124527, 0.08653373271226883, 0.08682119846343994, 0.08672777563333511, 0.0867827981710434, 0.08682650327682495, 0.08678875863552094, 0.0867914929986, 0.08678781241178513, 0.08678415417671204, 0.0867876335978508], "val_loss": [0.12033487856388092, 0.11935141682624817, 0.11969953030347824, 0.11896372586488724, 0.11907002329826355, 0.11913920193910599, 0.11904874444007874, 0.11910761892795563, 0.11914607137441635, 0.11912168562412262, 0.119098961353302, 0.11906947940587997, 0.11912085860967636, 0.11910690367221832]}