{"train_loss": [1.187412987749484, 1.025397195727581, 0.9596997171956322], "val_loss": [0.7453077211174913, 0.6873835110536186, 0.6684868252405556], "test_loss": [1.145208178188211, 1.0550465264347613, 1.0314176337172587]}