{"train_loss": [0.3119237660430372, 0.27410700754262507, 0.2718788905767724], "val_loss": [0.2864778426132704, 0.2525518987523882, 0.26143373313703033], "test_loss": [0.24493996446069918, 0.22976526049406906, 0.24650391818661438]}